Country,Sex,Year,Age_group,Mean_height,Mean_height_lower_95%CI,Mean_height_upper_95%CI,Mean_height_standard_error
China,Boys,1985,5,104.9475105,104.0137277,105.8681737,0.477831652
China,Boys,1985,6,110.8984852,110.0678387,111.7369795,0.431801013
China,Boys,1985,7,116.4925309,115.6822105,117.3101385,0.419151617
China,Boys,1985,8,121.8601665,121.0441771,122.6735517,0.416283015
China,Boys,1985,9,127.1119414,126.2813236,127.9162069,0.416503851
China,Boys,1985,10,132.3484275,131.5253612,133.1534571,0.418719128
China,Boys,1985,11,137.7576616,136.9194517,138.56901,0.422255762
China,Boys,1985,12,143.8406233,142.9702504,144.6609676,0.42972778
China,Boys,1985,13,150.7854524,149.9141749,151.6232737,0.433402525
China,Boys,1985,14,157.1664504,156.3027723,158.0013394,0.434711875
China,Boys,1985,15,161.5531136,160.7069636,162.3986248,0.434348718
China,Boys,1985,16,164.1111844,163.2501598,164.9661035,0.437450161
China,Boys,1985,17,165.444934,164.5723581,166.3285716,0.446163895
China,Boys,1985,18,166.3418442,165.4463162,167.2344107,0.453979161
China,Boys,1985,19,167.6281337,166.6996463,168.5344592,0.479678813
China,Boys,1986,5,105.2325823,104.3265667,106.1267278,0.466190456
China,Boys,1986,6,111.1704751,110.3559789,111.9883623,0.420863528
China,Boys,1986,7,116.7549824,115.9658702,117.5518241,0.406433023
China,Boys,1986,8,122.0954955,121.30624,122.8830717,0.403425359
China,Boys,1986,9,127.3225333,126.5301408,128.1238004,0.402296288
China,Boys,1986,10,132.5466452,131.7420198,133.3179327,0.401375541
China,Boys,1986,11,137.9445363,137.1464734,138.7148101,0.40377611
China,Boys,1986,12,144.0087748,143.181436,144.8093114,0.410506868
China,Boys,1986,13,150.9165719,150.07406,151.7182893,0.418321315
China,Boys,1986,14,157.2564606,156.4105094,158.0667787,0.42299148
China,Boys,1986,15,161.6033429,160.7697805,162.4240343,0.425013461
China,Boys,1986,16,164.1287244,163.2915565,164.9717368,0.427825306
China,Boys,1986,17,165.4419434,164.5991255,166.279343,0.430878025
China,Boys,1986,18,166.319646,165.4861263,167.1561436,0.423678836
China,Boys,1986,19,167.5924079,166.7595847,168.4041763,0.422978253
China,Boys,1987,5,105.5174656,104.6327083,106.4052947,0.450973143
China,Boys,1987,6,111.455547,110.6618788,112.2426291,0.407922541
China,Boys,1987,7,117.0269723,116.2672588,117.7897587,0.394974697
China,Boys,1987,8,122.3579469,121.6010911,123.1164184,0.390789577
China,Boys,1987,9,127.5578622,126.7975576,128.3176924,0.3896041
China,Boys,1987,10,132.7572372,131.9867802,133.5125243,0.387170406
China,Boys,1987,11,138.142754,137.3691469,138.8755248,0.386542912
China,Boys,1987,12,144.1956495,143.4121616,144.9535123,0.392262354
China,Boys,1987,13,151.0847234,150.2887572,151.8547998,0.399291552
China,Boys,1987,14,157.38758,156.5817471,158.1674194,0.407849552
China,Boys,1987,15,161.693353,160.8668478,162.4914208,0.413504055
China,Boys,1987,16,164.1789536,163.3552402,164.9957272,0.418627739
China,Boys,1987,17,165.4594834,164.6253671,166.2624274,0.421293829
China,Boys,1987,18,166.3166554,165.5094561,167.1054036,0.408842552
China,Boys,1987,19,167.5702097,166.8012643,168.3207946,0.395006364
China,Boys,1988,5,105.7844948,104.9229961,106.6403196,0.435360146
China,Boys,1988,6,111.7404302,110.9705529,112.5023941,0.391598169
China,Boys,1988,7,117.3120441,116.5830836,118.054406,0.38153793
China,Boys,1988,8,122.6299368,121.9063192,123.3641266,0.379139545
China,Boys,1988,9,127.8203137,127.0881973,128.5549352,0.377157713
China,Boys,1988,10,132.9925661,132.2567915,133.7218824,0.374670517
China,Boys,1988,11,138.3533459,137.6142881,139.0633494,0.372549517
China,Boys,1988,12,144.3938672,143.6435415,145.1074449,0.375363701
China,Boys,1988,13,151.2715981,150.5124291,152.0052801,0.381081244
China,Boys,1988,14,157.5557315,156.786606,158.3019886,0.388755222
China,Boys,1988,15,161.8244724,161.0410379,162.5928018,0.398085749
China,Boys,1988,16,164.2689637,163.4673061,165.0555553,0.407285066
China,Boys,1988,17,165.5097126,164.7029962,166.3195611,0.411790669
China,Boys,1988,18,166.3341954,165.5551939,167.1138066,0.399837942
China,Boys,1988,19,167.5672191,166.822356,168.2962575,0.383598537
China,Boys,1989,5,106.047057,105.2165198,106.8974834,0.420509592
China,Boys,1989,6,112.0074594,111.2730323,112.7519472,0.374988304
China,Boys,1989,7,117.5969274,116.8793742,118.2993903,0.365221464
China,Boys,1989,8,122.9150087,122.2148928,123.6272799,0.365565183
China,Boys,1989,9,128.0923036,127.3817322,128.7970082,0.365480331
China,Boys,1989,10,133.2550175,132.5461956,133.9474617,0.362368527
China,Boys,1989,11,138.5886748,137.8872892,139.2784721,0.360255136
China,Boys,1989,12,144.6044591,143.8943477,145.2910597,0.361821263
China,Boys,1989,13,151.4698158,150.7475512,152.1611564,0.364532137
China,Boys,1989,14,157.7426062,157.0112147,158.454678,0.370373072
China,Boys,1989,15,161.992624,161.2476768,162.7220926,0.378690406
China,Boys,1989,16,164.4000832,163.6241238,165.142937,0.391641538
China,Boys,1989,17,165.5997227,164.8104281,166.3918035,0.400387204
China,Boys,1989,18,166.3844246,165.6120243,167.1473868,0.390665159
China,Boys,1989,19,167.5847591,166.8488645,168.3160233,0.3780419
China,Boys,1990,5,106.3143013,105.5090666,107.1293766,0.406709455
China,Boys,1990,6,112.2700216,111.5559168,112.9794455,0.35919138
China,Boys,1990,7,117.8639566,117.1803077,118.5440391,0.348724687
China,Boys,1990,8,123.1998919,122.5244511,123.8758849,0.349699109
China,Boys,1990,9,128.3773754,127.6938676,129.0524538,0.351897041
China,Boys,1990,10,133.5270074,132.8378126,134.2051619,0.350764469
China,Boys,1990,11,138.8511263,138.1706122,139.5224603,0.348089941
China,Boys,1990,12,144.8397881,144.1553457,145.5031353,0.350041199
China,Boys,1990,13,151.6804077,150.9913254,152.3430987,0.351419909
China,Boys,1990,14,157.9408239,157.2352983,158.6148989,0.353941721
China,Boys,1990,15,162.1794987,161.4697481,162.8665016,0.359963184
China,Boys,1990,16,164.5682347,163.8348352,165.2768048,0.372034216
China,Boys,1990,17,165.7308421,164.9818149,166.4742419,0.384855043
China,Boys,1990,18,166.4744348,165.7249247,167.2232177,0.379779132
China,Boys,1990,19,167.6349883,166.9079668,168.3580989,0.372340757
China,Boys,1991,5,106.6025719,105.8311932,107.4008617,0.394891308
China,Boys,1991,6,112.5372659,111.8667852,113.2160122,0.344272333
China,Boys,1991,7,118.1265188,117.4664658,118.7847028,0.333142182
China,Boys,1991,8,123.4669211,122.8136559,124.112453,0.333713114
China,Boys,1991,9,128.6622587,128.0062575,129.3084808,0.336592782
China,Boys,1991,10,133.8120793,133.1548146,134.4587877,0.33719685
China,Boys,1991,11,139.1231162,138.4609736,139.781756,0.33672761
China,Boys,1991,12,145.1022395,144.4349412,145.7584812,0.338310337
China,Boys,1991,13,151.9157366,151.2433385,152.5651802,0.340484333
China,Boys,1991,14,158.1514158,157.4798057,158.8003263,0.341115191
China,Boys,1991,15,162.3777164,161.7027495,163.031792,0.343213002
China,Boys,1991,16,164.7551094,164.069775,165.4247151,0.352986075
China,Boys,1991,17,165.8989937,165.1715039,166.6010393,0.365437993
China,Boys,1991,18,166.6055542,165.891917,167.3234892,0.365498538
China,Boys,1991,19,167.7249985,167.014667,168.4352002,0.36481262
China,Boys,1992,5,106.9056856,106.1413321,107.6862002,0.387964233
China,Boys,1992,6,112.8255366,112.1722095,113.474764,0.33151741
China,Boys,1992,7,118.3937631,117.7788582,119.0125367,0.318330653
China,Boys,1992,8,123.7294833,123.1014664,124.3459937,0.318749802
China,Boys,1992,9,128.9292879,128.3036625,129.5510557,0.321198063
China,Boys,1992,10,134.0969625,133.4656677,134.7059983,0.32242643
China,Boys,1992,11,139.408188,138.7784119,140.0359171,0.323282264
China,Boys,1992,12,145.3742294,144.7281309,146.0120666,0.327407877
China,Boys,1992,13,152.1781881,151.5353175,152.8139291,0.329514256
China,Boys,1992,14,158.3867448,157.7384577,159.0253329,0.330999687
China,Boys,1992,15,162.5883083,161.949912,163.2165681,0.330448205
China,Boys,1992,16,164.9533271,164.2814937,165.5921203,0.335959674
China,Boys,1992,17,166.0858684,165.3951315,166.7593741,0.346345894
China,Boys,1992,18,166.7737057,166.0983368,167.437692,0.347636282
China,Boys,1992,19,167.8561179,167.1733457,168.5533696,0.35549038
China,Boys,1993,5,107.226979,106.4772239,107.9970308,0.383128839
China,Boys,1993,6,113.1286503,112.4798529,113.769126,0.323445668
China,Boys,1993,7,118.6820338,118.0822461,119.277069,0.305904262
China,Boys,1993,8,123.9967276,123.4030833,124.5891581,0.304503969
China,Boys,1993,9,129.1918501,128.5910558,129.7797269,0.306897946
China,Boys,1993,10,134.3639918,133.7573199,134.9628289,0.307611088
China,Boys,1993,11,139.6930713,139.083247,140.2766853,0.309102504
China,Boys,1993,12,145.6593013,145.0385169,146.2667752,0.314365359
China,Boys,1993,13,152.450178,151.8176759,153.0652831,0.319083737
China,Boys,1993,14,158.6491962,158.0251174,159.2652185,0.320884096
China,Boys,1993,15,162.8236372,162.2067381,163.4388291,0.320725267
China,Boys,1993,16,165.163919,164.535006,165.7811244,0.323351116
China,Boys,1993,17,166.2840861,165.6225742,166.9172808,0.329615835
China,Boys,1993,18,166.9605805,166.3069211,167.5994897,0.330195719
China,Boys,1993,19,168.0242694,167.360008,168.7020452,0.343786902
China,Boys,1994,5,107.5561546,106.8065804,108.3129788,0.378472105
China,Boys,1994,6,113.4499437,112.8053634,114.0768967,0.317556275
China,Boys,1994,7,118.9851474,118.3940641,119.5647341,0.297632917
China,Boys,1994,8,124.2849983,123.7102895,124.8505362,0.292918204
China,Boys,1994,9,129.4590944,128.8901294,130.0225608,0.29326239
China,Boys,1994,10,134.626554,134.0418936,135.1919076,0.293891544
China,Boys,1994,11,139.9601005,139.3752684,140.5242673,0.294996118
China,Boys,1994,12,145.9441845,145.3576273,146.5175953,0.300977625
China,Boys,1994,13,152.7352498,152.1335272,153.3251447,0.306582064
China,Boys,1994,14,158.9211861,158.3176609,159.5200112,0.310975524
China,Boys,1994,15,163.0860887,162.4892955,163.6839543,0.311262499
China,Boys,1994,16,165.399248,164.7870427,166.0005945,0.313806347
China,Boys,1994,17,166.494678,165.8690084,167.1032772,0.317572195
China,Boys,1994,18,167.1587982,166.528501,167.7634622,0.315340396
China,Boys,1994,19,168.2111441,167.5550395,168.8755662,0.333607121
China,Boys,1995,5,107.8916221,107.1532636,108.6313139,0.373003881
China,Boys,1995,6,113.7791193,113.1532962,114.3910363,0.312314058
China,Boys,1995,7,119.3064408,118.7209391,119.8721721,0.291577203
China,Boys,1995,8,124.588112,124.0178851,125.1371955,0.285012295
China,Boys,1995,9,129.7473651,129.1884129,130.2981889,0.282583142
China,Boys,1995,10,134.8937982,134.343162,135.4468252,0.280728602
China,Boys,1995,11,140.2226627,139.6590108,140.7697169,0.281905916
China,Boys,1995,12,146.2112137,145.6438295,146.7612726,0.287818042
China,Boys,1995,13,153.0201331,152.4411883,153.583573,0.293969346
China,Boys,1995,14,159.206258,158.6256052,159.781314,0.299190114
China,Boys,1995,15,163.3580786,162.7864917,163.9347159,0.301976407
China,Boys,1995,16,165.6616994,165.0745458,166.2514114,0.304883271
China,Boys,1995,17,166.7300069,166.1298625,167.3354244,0.308395316
China,Boys,1995,18,167.3693901,166.7771242,167.9565777,0.305023253
China,Boys,1995,19,168.4093618,167.7648562,169.0457135,0.325214845
China,Boys,1996,5,108.2313281,107.515926,108.9476004,0.365444019
China,Boys,1996,6,114.1145867,113.5000057,114.7176611,0.306253645
China,Boys,1996,7,119.6356164,119.0609475,120.1975398,0.286544922
China,Boys,1996,8,124.9094054,124.3523093,125.4417508,0.279372629
China,Boys,1996,9,130.0504787,129.4970049,130.5865101,0.27532795
China,Boys,1996,10,135.1820689,134.6463521,135.7136041,0.270797736
China,Boys,1996,11,140.489907,139.9586905,141.0189161,0.269207738
China,Boys,1996,12,146.4737759,145.9317767,147.0062212,0.275599829
China,Boys,1996,13,153.2871623,152.738074,153.8344004,0.281687384
China,Boys,1996,14,159.4911412,158.9370725,160.0434315,0.287381121
China,Boys,1996,15,163.6431504,163.0848316,164.2015498,0.291096594
China,Boys,1996,16,165.9336893,165.3688919,166.4977173,0.296426582
China,Boys,1996,17,166.9924584,166.4125142,167.5814837,0.30015476
China,Boys,1996,18,167.604719,167.0153802,168.1839421,0.29762946
China,Boys,1996,19,168.6199537,167.9793709,169.2402764,0.319957509
China,Boys,1997,5,108.5692735,107.8754118,109.2701694,0.356268427
China,Boys,1997,6,114.4542927,113.8576345,115.0372556,0.297637721
China,Boys,1997,7,119.9710839,119.3984176,120.5135205,0.280807233
China,Boys,1997,8,125.238581,124.6868321,125.774761,0.275002816
China,Boys,1997,9,130.3717721,129.8400345,130.8928031,0.270389216
China,Boys,1997,10,135.4851826,134.9570186,135.9970407,0.264335463
China,Boys,1997,11,140.7781777,140.2591704,141.2952909,0.259935938
China,Boys,1997,12,146.7410202,146.2290675,147.257574,0.263770084
China,Boys,1997,13,153.5497245,153.0250157,154.0779308,0.27037067
China,Boys,1997,14,159.7581704,159.228988,160.2940881,0.275943304
China,Boys,1997,15,163.9280337,163.3861969,164.4668862,0.280164882
China,Boys,1997,16,166.2187611,165.6690642,166.7656696,0.286709312
China,Boys,1997,17,167.2644483,166.6962407,167.8413594,0.292779259
China,Boys,1997,18,167.8671704,167.293249,168.4296739,0.291564079
China,Boys,1997,19,168.8552827,168.2319963,169.4769346,0.318057938
China,Boys,1998,5,108.9075846,108.2216637,109.5870503,0.350369652
China,Boys,1998,6,114.7922382,114.2240988,115.3591285,0.287631873
China,Boys,1998,7,120.3107899,119.7667065,120.8431391,0.272456901
China,Boys,1998,8,125.5740484,125.0273838,126.0852306,0.270072799
China,Boys,1998,9,130.7009477,130.1674413,131.2123184,0.266861012
China,Boys,1998,10,135.806476,135.2866456,136.3100002,0.260178869
China,Boys,1998,11,141.0812913,140.5609995,141.5721079,0.254434427
China,Boys,1998,12,147.0292909,146.5235138,147.536795,0.255485999
China,Boys,1998,13,153.8169688,153.3172638,154.3269644,0.25977424
China,Boys,1998,14,160.0207326,159.5072339,160.550256,0.26561542
China,Boys,1998,15,164.1950629,163.6740566,164.7180152,0.269624176
China,Boys,1998,16,166.5036444,165.9624275,167.0472208,0.276866051
China,Boys,1998,17,167.5495201,167.0006191,168.0976053,0.284417954
China,Boys,1998,18,168.1391603,167.5723137,168.7087455,0.286163417
China,Boys,1998,19,169.1177341,168.4884197,169.7493497,0.31784433
China,Boys,1999,5,109.2300673,108.5564357,109.8993414,0.34613515
China,Boys,1999,6,115.1305493,114.5710303,115.692769,0.281067755
China,Boys,1999,7,120.6487353,120.1173161,121.1558971,0.262964967
China,Boys,1999,8,125.9137544,125.3905987,126.4160473,0.262747392
China,Boys,1999,9,131.0364152,130.505343,131.5332366,0.262891141
China,Boys,1999,10,136.1356516,135.614992,136.6301837,0.257508955
China,Boys,1999,11,141.4025847,140.8915037,141.893312,0.251083573
China,Boys,1999,12,147.3324045,146.8244681,147.8178465,0.251163857
China,Boys,1999,13,154.1052395,153.6078747,154.6116193,0.252839744
China,Boys,1999,14,160.2879769,159.8047052,160.8047812,0.25651406
China,Boys,1999,15,164.4576251,163.9520699,164.9794347,0.260447457
China,Boys,1999,16,166.7706736,166.2521767,167.3031519,0.26760604
China,Boys,1999,17,167.8344034,167.295132,168.3736722,0.2758742
China,Boys,1999,18,168.4242322,167.8715745,168.979255,0.279854658
China,Boys,1999,19,169.389724,168.7674212,170.0121809,0.316595683
China,Boys,2000,5,109.5203251,108.8438074,110.175638,0.341294327
China,Boys,2000,6,115.453032,114.9071304,116.0007423,0.27658566
China,Boys,2000,7,120.9870464,120.4665206,121.4879792,0.256852821
China,Boys,2000,8,126.2516999,125.7540842,126.7449276,0.254482494
China,Boys,2000,9,131.3761212,130.8693407,131.871121,0.256883479
China,Boys,2000,10,136.471119,135.9568729,136.9672747,0.254459575
China,Boys,2000,11,141.7317603,141.2325799,142.2151564,0.249263302
China,Boys,2000,12,147.6536979,147.1621936,148.1265787,0.248736014
China,Boys,2000,13,154.4083531,153.9039859,154.8903732,0.249722938
China,Boys,2000,14,160.5762476,160.0864853,161.072718,0.25099972
China,Boys,2000,15,164.7248694,164.2444585,165.2231403,0.252920739
China,Boys,2000,16,167.0332358,166.5269436,167.552848,0.259982428
China,Boys,2000,17,168.1014326,167.575404,168.6299523,0.268316533
China,Boys,2000,18,168.7091155,168.1686545,169.2434933,0.273378271
China,Boys,2000,19,169.6747959,169.0594447,170.2977118,0.314294554
China,Boys,2001,5,109.783182,109.1305828,110.4436328,0.337485506
China,Boys,2001,6,115.7432898,115.2031133,116.2762033,0.272562149
China,Boys,2001,7,121.3095292,120.8106907,121.7983758,0.253132808
China,Boys,2001,8,126.590011,126.1015267,127.0734224,0.249501822
China,Boys,2001,9,131.7140666,131.2209918,132.2021842,0.250160974
China,Boys,2001,10,136.810825,136.3112141,137.2967636,0.249802382
China,Boys,2001,11,142.0672278,141.5640745,142.5526625,0.247075434
China,Boys,2001,12,147.9828736,147.4869298,148.452778,0.247916102
China,Boys,2001,13,154.7296465,154.2354167,155.2108575,0.248309997
China,Boys,2001,14,160.8793612,160.3804856,161.3653723,0.249011037
China,Boys,2001,15,165.01314,164.5318815,165.5042998,0.248579633
China,Boys,2001,16,167.3004801,166.8048891,167.80313,0.254057157
China,Boys,2001,17,168.3639948,167.8507869,168.8757565,0.262598721
China,Boys,2001,18,168.9761447,168.4552313,169.5024767,0.267824779
China,Boys,2001,19,169.9596791,169.3559109,170.5748179,0.311945092
China,Boys,2002,5,110.0612234,109.415172,110.7243843,0.334552597
China,Boys,2002,6,116.0061466,115.4777753,116.5422525,0.270640793
China,Boys,2002,7,121.5997869,121.1019475,122.0846517,0.250821718
China,Boys,2002,8,126.9124937,126.4307465,127.388038,0.247143138
China,Boys,2002,9,132.0523777,131.5666795,132.5393022,0.246656152
China,Boys,2002,10,137.1487705,136.6659025,137.6255437,0.244833147
China,Boys,2002,11,142.4069338,141.9159217,142.8900851,0.243762382
China,Boys,2002,12,148.318341,147.8263886,148.8047097,0.246774281
China,Boys,2002,13,155.0588221,154.5672163,155.5327221,0.248694616
China,Boys,2002,14,161.2006547,160.7024991,161.6807732,0.248701409
China,Boys,2002,15,165.3162537,164.8240007,165.7985246,0.247613293
China,Boys,2002,16,167.5887508,167.0901102,168.0732892,0.250817679
China,Boys,2002,17,168.6312391,168.1220106,169.1317323,0.258130309
China,Boys,2002,18,169.2387069,168.7220083,169.7604111,0.26427676
China,Boys,2002,19,170.2267083,169.624674,170.837849,0.309152547
China,Boys,2003,5,110.378904,109.721504,111.0444075,0.334213745
China,Boys,2003,6,116.2841881,115.7562643,116.8174648,0.2698431
China,Boys,2003,7,121.8626438,121.3689929,122.358706,0.251437257
China,Boys,2003,8,127.2027515,126.71937,127.6819886,0.246767525
China,Boys,2003,9,132.3748605,131.8947608,132.8529644,0.245943066
China,Boys,2003,10,137.4870816,137.0115196,137.9638027,0.2430299
China,Boys,2003,11,142.7448792,142.2633437,143.2151075,0.240824439
China,Boys,2003,12,148.658047,148.1682624,149.1437862,0.2449361
China,Boys,2003,13,155.3942896,154.9015018,155.8799235,0.248913284
China,Boys,2003,14,161.5298303,161.0361444,162.0214838,0.250302717
China,Boys,2003,15,165.6375471,165.1502183,166.1260972,0.24854165
China,Boys,2003,16,167.8918644,167.3853394,168.372045,0.251007533
China,Boys,2003,17,168.9195098,168.4188148,169.4195369,0.256121844
China,Boys,2003,18,169.5059511,168.9911799,170.0169879,0.261479799
China,Boys,2003,19,170.4892705,169.8835632,171.0966765,0.308236997
China,Boys,2004,5,110.7588605,110.1014972,111.4181882,0.337395648
China,Boys,2004,6,116.6018687,116.0633435,117.1466851,0.271082486
China,Boys,2004,7,122.1406853,121.6460317,122.6313636,0.253208767
China,Boys,2004,8,127.4656083,126.9754616,127.942684,0.249779541
China,Boys,2004,9,132.6651182,132.1847289,133.1449877,0.247434304
China,Boys,2004,10,137.8095643,137.3330438,138.2911893,0.244126777
China,Boys,2004,11,143.0831903,142.6003585,143.5524556,0.240939979
China,Boys,2004,12,148.9959925,148.5068779,149.4770046,0.244094235
China,Boys,2004,13,155.7339956,155.2365307,156.2260399,0.248656511
China,Boys,2004,14,161.8652977,161.3716685,162.3573759,0.252059528
China,Boys,2004,15,165.9667227,165.4788284,166.4649099,0.251271715
China,Boys,2004,16,168.2131578,167.724031,168.7120314,0.253494437
China,Boys,2004,17,169.2226234,168.6990736,169.7263178,0.257895064
China,Boys,2004,18,169.7942218,169.2907667,170.3050058,0.261326632
China,Boys,2004,19,170.7565148,170.1472866,171.3479691,0.307954636
China,Boys,2005,5,111.2186475,110.5390525,111.8840839,0.343259973
China,Boys,2005,6,116.9818252,116.4303912,117.5246903,0.275283692
China,Boys,2005,7,122.4583659,121.9594795,122.9551872,0.256200965
China,Boys,2005,8,127.7436498,127.2530228,128.2272937,0.253814715
China,Boys,2005,9,132.9279751,132.4357912,133.4213794,0.252511013
China,Boys,2005,10,138.0998221,137.6115177,138.5792113,0.247395914
China,Boys,2005,11,143.4056731,142.9163429,143.881212,0.243941339
China,Boys,2005,12,149.3343036,148.8364251,149.8212611,0.246151634
China,Boys,2005,13,156.0719411,155.572251,156.5771901,0.249582922
China,Boys,2005,14,162.2050037,161.7080616,162.7146143,0.253375934
China,Boys,2005,15,166.3021902,165.8059837,166.8152509,0.254572769
China,Boys,2005,16,168.5423334,168.0409568,169.0597838,0.257635787
China,Boys,2005,17,169.5439168,169.0316086,170.0573437,0.262429242
China,Boys,2005,18,170.0973355,169.5764048,170.6079076,0.265664004
China,Boys,2005,19,171.0447855,170.4262254,171.6410298,0.310459011
China,Boys,2006,5,111.7146301,111.0258166,112.4072075,0.350143197
China,Boys,2006,6,117.4416122,116.8781756,117.9968231,0.28190374
China,Boys,2006,7,122.8383223,122.3299833,123.3477258,0.261389885
China,Boys,2006,8,128.0613304,127.5608262,128.5642827,0.258396723
China,Boys,2006,9,133.2060166,132.7032054,133.7030803,0.258404186
China,Boys,2006,10,138.3626789,137.8582973,138.8641348,0.25429063
China,Boys,2006,11,143.6959308,143.2026228,144.1794457,0.248883878
China,Boys,2006,12,149.6567863,149.1616263,150.1465016,0.250933382
China,Boys,2006,13,156.4102522,155.9103537,156.9194298,0.253360749
China,Boys,2006,14,162.5429492,162.0388257,163.0477718,0.255620898
China,Boys,2006,15,166.6418962,166.1393814,167.1608175,0.257322405
China,Boys,2006,16,168.8778009,168.3673847,169.4008871,0.262265561
China,Boys,2006,17,169.8730924,169.3473431,170.3951422,0.268576047
China,Boys,2006,18,170.4186289,169.8817012,170.9493842,0.272878118
China,Boys,2006,19,171.3478991,170.7153107,171.9610576,0.317731638
China,Boys,2007,5,112.1811597,111.4710962,112.888423,0.357952754
China,Boys,2007,6,117.9375947,117.3591545,118.5021516,0.290305366
China,Boys,2007,7,123.2981093,122.7685846,123.8230594,0.268578587
China,Boys,2007,8,128.4412869,127.921108,128.948599,0.264627184
China,Boys,2007,9,133.5236972,133.0014605,134.0303031,0.264430142
China,Boys,2007,10,138.6407204,138.1256018,139.1469816,0.261766908
China,Boys,2007,11,143.9587877,143.4621337,144.4647479,0.257336053
China,Boys,2007,12,149.947044,149.436594,150.450573,0.257291894
China,Boys,2007,13,156.7327349,156.2298805,157.2396443,0.259706463
China,Boys,2007,14,162.8812603,162.3647903,163.4050002,0.260651323
China,Boys,2007,15,166.9798416,166.472694,167.4917879,0.260413599
China,Boys,2007,16,169.2175069,168.7091305,169.7473368,0.266044107
China,Boys,2007,17,170.2085599,169.6762768,170.7549044,0.274298024
China,Boys,2007,18,170.7478045,170.1992734,171.2886642,0.281267671
China,Boys,2007,19,171.6691926,171.0183006,172.2984485,0.326942205
China,Boys,2008,5,112.5498753,111.8238169,113.2782367,0.364852234
China,Boys,2008,6,118.4041244,117.8001858,119.004957,0.300641753
China,Boys,2008,7,123.7940919,123.2458232,124.3384014,0.278115553
China,Boys,2008,8,128.9010739,128.3593741,129.4326331,0.272598342
China,Boys,2008,9,133.9036536,133.3730411,134.4273909,0.271823815
China,Boys,2008,10,138.958401,138.4236253,139.4739781,0.269200818
China,Boys,2008,11,144.2368291,143.7168243,144.7628702,0.266142418
China,Boys,2008,12,150.2099009,149.6953045,150.7402223,0.266848569
China,Boys,2008,13,157.0229926,156.5009364,157.543897,0.267324108
China,Boys,2008,14,163.203743,162.6855698,163.7353623,0.268247559
China,Boys,2008,15,167.3181527,166.7921457,167.8456055,0.266113923
China,Boys,2008,16,169.5554524,169.0404752,170.0871357,0.269460759
China,Boys,2008,17,170.5482659,170.0124022,171.1013448,0.278727924
China,Boys,2008,18,171.0832719,170.5233432,171.6505206,0.288394195
China,Boys,2008,19,171.9983682,171.3212272,172.6550962,0.33602776
China,Boys,2009,5,112.8197698,112.0831795,113.5710858,0.372621974
China,Boys,2009,6,118.7728399,118.1699256,119.3917913,0.310882732
China,Boys,2009,7,124.2606215,123.6864956,124.839785,0.29043968
China,Boys,2009,8,129.3970564,128.8366946,129.9468376,0.283243282
China,Boys,2009,9,134.3634406,133.8014362,134.9063928,0.280929807
China,Boys,2009,10,139.3383575,138.7917838,139.8811608,0.277892244
China,Boys,2009,11,144.5545098,144.0174277,145.0834658,0.274918678
China,Boys,2009,12,150.4879424,149.9468121,151.0337643,0.276664905
China,Boys,2009,13,157.2858495,156.7414701,157.8322555,0.277753653
China,Boys,2009,14,163.4940007,162.9581171,164.0386066,0.277143397
China,Boys,2009,15,167.6406354,167.1061437,168.1785299,0.274668143
China,Boys,2009,16,169.8937635,169.3651098,170.4300641,0.275345502
China,Boys,2009,17,170.8862113,170.3294435,171.4517044,0.282271499
China,Boys,2009,18,171.4229779,170.8504262,171.9991804,0.29406761
China,Boys,2009,19,172.3338356,171.6525695,172.9973973,0.344301999
China,Boys,2010,5,113.0046187,112.2555922,113.7756606,0.382199042
China,Boys,2010,6,119.0427345,118.4166802,119.6791472,0.322410859
China,Boys,2010,7,124.6293371,124.0403264,125.2200616,0.303485566
China,Boys,2010,8,129.8635861,129.2876814,130.4384249,0.297272784
China,Boys,2010,9,134.8594232,134.2809277,135.4304684,0.292853954
China,Boys,2010,10,139.7981445,139.2185552,140.3580152,0.288468813
China,Boys,2010,11,144.9344662,144.3710135,145.4874583,0.284907834
China,Boys,2010,12,150.805623,150.240985,151.3578226,0.286546054
China,Boys,2010,13,157.563891,157.000071,158.1264454,0.288532197
China,Boys,2010,14,163.7568576,163.1999377,164.3298571,0.288529521
China,Boys,2010,15,167.9308932,167.389687,168.4929924,0.285029693
China,Boys,2010,16,170.2162462,169.6720572,170.7706443,0.284676342
China,Boys,2010,17,171.2245224,170.6647608,171.7890331,0.288288259
China,Boys,2010,18,171.7609234,171.174771,172.3442448,0.298887804
China,Boys,2010,19,172.6735416,171.9765753,173.3590277,0.351809418
China,Boys,2011,5,113.1257293,112.355896,113.913506,0.395039144
China,Boys,2011,6,119.2275834,118.5811213,119.8872226,0.336033544
China,Boys,2011,7,124.8992317,124.2827207,125.5247778,0.31807796
China,Boys,2011,8,130.2323016,129.6253299,130.8503637,0.312644202
China,Boys,2011,9,135.3259528,134.7208607,135.9235446,0.308548665
China,Boys,2011,10,140.294127,139.6951231,140.8751704,0.30187432
China,Boys,2011,11,145.3942532,144.799157,145.9713522,0.297068242
China,Boys,2011,12,151.1855795,150.6007352,151.7661054,0.297654146
China,Boys,2011,13,157.8815716,157.2918485,158.4653984,0.29946129
China,Boys,2011,14,164.0348991,163.4553339,164.6241065,0.300336534
China,Boys,2011,15,168.1937501,167.6320695,168.7847431,0.297734818
China,Boys,2011,16,170.5065039,169.9515987,171.0931648,0.296430792
China,Boys,2011,17,171.5470052,170.9750054,172.1409783,0.298532719
China,Boys,2011,18,172.0992345,171.503063,172.6945308,0.305878062
China,Boys,2011,19,173.0114871,172.3011602,173.7166086,0.359373419
China,Boys,2012,5,113.1970178,112.401685,114.0251784,0.415332522
China,Boys,2012,6,119.348694,118.6691073,120.0599485,0.354027316
China,Boys,2012,7,125.0840806,124.4318539,125.7430093,0.334735199
China,Boys,2012,8,130.5021962,129.8540095,131.1465796,0.329696002
China,Boys,2012,9,135.6946684,135.0589831,136.333568,0.326001856
China,Boys,2012,10,140.7606567,140.1249517,141.3839151,0.319275567
China,Boys,2012,11,145.8902358,145.2781464,146.4891268,0.311946693
China,Boys,2012,12,151.6453664,151.0315988,152.2546601,0.311135525
China,Boys,2012,13,158.2615281,157.6480497,158.8697692,0.311691368
China,Boys,2012,14,164.3525797,163.7496481,164.9674114,0.312470092
China,Boys,2012,15,168.4717915,167.8783506,169.0842335,0.310748991
China,Boys,2012,16,170.7693608,170.1834368,171.3875026,0.310555437
China,Boys,2012,17,171.8372629,171.2477235,172.4569553,0.311543168
China,Boys,2012,18,172.4217172,171.801759,173.0497224,0.317432427
China,Boys,2012,19,173.3497982,172.6309505,174.0835149,0.367920248
China,Boys,2013,5,113.2486494,112.3818632,114.1312523,0.446566699
China,Boys,2013,6,119.4199824,118.6788317,120.1761955,0.380382276
China,Boys,2013,7,125.2051911,124.5000096,125.9160061,0.356193554
China,Boys,2013,8,130.6870451,130.0003262,131.384098,0.348654667
China,Boys,2013,9,135.964563,135.2994244,136.6413427,0.345168952
China,Boys,2013,10,141.1293723,140.4705742,141.7830666,0.338696609
China,Boys,2013,11,146.3567654,145.7070411,147.0009177,0.33090446
China,Boys,2013,12,152.141349,151.5007018,152.7815808,0.32715565
China,Boys,2013,13,158.721315,158.0793452,159.3600546,0.326313963
China,Boys,2013,14,164.7325362,164.096807,165.3697674,0.325919143
China,Boys,2013,15,168.7894721,168.1731825,169.4300691,0.324387739
China,Boys,2013,16,171.0474023,170.4449182,171.6911973,0.324825404
China,Boys,2013,17,172.1001198,171.4854428,172.7594699,0.327048747
China,Boys,2013,18,172.711975,172.0751565,173.3636685,0.331714218
China,Boys,2013,19,173.6722809,172.921498,174.4308,0.379979683
China,Boys,2014,5,113.289376,112.3313787,114.2539156,0.494400922
China,Boys,2014,6,119.471614,118.6437638,120.2899418,0.418402596
China,Boys,2014,7,125.2764796,124.5192272,126.0396486,0.385987653
China,Boys,2014,8,130.8081557,130.0691977,131.5491777,0.372444334
China,Boys,2014,9,136.1494119,135.4369531,136.8741159,0.366046252
China,Boys,2014,10,141.3992668,140.7128828,142.1010369,0.359769855
China,Boys,2014,11,146.725481,146.048752,147.4132259,0.352017429
China,Boys,2014,12,152.6078786,151.9248625,153.2758471,0.347268088
China,Boys,2014,13,159.2172976,158.5568801,159.8916144,0.343302773
China,Boys,2014,14,165.1923231,164.526176,165.8560188,0.341710918
China,Boys,2014,15,169.1694286,168.5216671,169.8279492,0.339257319
China,Boys,2014,16,171.3650829,170.72028,172.0350534,0.339816987
China,Boys,2014,17,172.3781613,171.7369689,173.071924,0.342577762
China,Boys,2014,18,172.9748318,172.3132427,173.6668169,0.348311587
China,Boys,2014,19,173.9625386,173.1893346,174.7332406,0.394217205
China,Boys,2015,5,113.3227686,112.2490161,114.4274658,0.565341312
China,Boys,2015,6,119.5123406,118.6004807,120.4425966,0.472923507
China,Boys,2015,7,125.3281112,124.4822452,126.1675618,0.427130822
China,Boys,2015,8,130.8794441,130.0950626,131.6720906,0.404213875
China,Boys,2015,9,136.2705224,135.5043091,137.052589,0.391585094
China,Boys,2015,10,141.5841157,140.8363615,142.3322293,0.382348142
China,Boys,2015,11,146.9953756,146.2816784,147.7258332,0.374646184
China,Boys,2015,12,152.9765942,152.2598299,153.6888428,0.369496096
China,Boys,2015,13,159.6838272,158.9775907,160.3832678,0.364395208
China,Boys,2015,14,165.6883057,164.9991359,166.3891687,0.359646585
China,Boys,2015,15,169.6292156,168.9378486,170.3209697,0.356424798
China,Boys,2015,16,171.7450394,171.0688868,172.4502937,0.356172055
China,Boys,2015,17,172.6958419,172.0195719,173.4153289,0.358451044
China,Boys,2015,18,173.2528733,172.5443766,173.9877563,0.364635165
China,Boys,2015,19,174.2253955,173.4192944,175.0351499,0.409901613
China,Boys,2016,5,113.3468636,112.0825233,114.6296177,0.661628409
China,Boys,2016,6,119.5457332,118.5038725,120.6134183,0.549987586
China,Boys,2016,7,125.3688378,124.4296982,126.3078099,0.484018508
China,Boys,2016,8,130.9310757,130.0569738,131.8078616,0.446726682
China,Boys,2016,9,136.3418109,135.5167219,137.175113,0.424659425
China,Boys,2016,10,141.7052263,140.9115497,142.5141233,0.409323785
China,Boys,2016,11,147.1802245,146.4066896,147.9567875,0.398578862
China,Boys,2016,12,153.2464888,152.4893758,154.0033409,0.393115503
China,Boys,2016,13,160.0525428,159.3044952,160.8006518,0.387373839
China,Boys,2016,14,166.1548354,165.4214901,166.8933181,0.381486971
China,Boys,2016,15,170.1251982,169.417483,170.8667045,0.375402522
China,Boys,2016,16,172.2048263,171.4887981,172.9457234,0.374577417
China,Boys,2016,17,173.0757983,172.3572297,173.820237,0.376169669
China,Boys,2016,18,173.5705539,172.8311005,174.3384151,0.380570023
China,Boys,2016,19,174.503437,173.6727342,175.3423057,0.424803239
China,Boys,2017,5,113.3668925,111.8867916,114.8796781,0.77934302
China,Boys,2017,6,119.5698283,118.3339886,120.8399884,0.651071248
China,Boys,2017,7,125.4022304,124.3109987,126.4948172,0.562458957
China,Boys,2017,8,130.9718023,129.98516,131.9519729,0.504232815
China,Boys,2017,9,136.3934425,135.4785875,137.3109954,0.467838649
China,Boys,2017,10,141.7765148,140.9066315,142.6532908,0.443377518
China,Boys,2017,11,147.301335,146.4740991,148.1496751,0.426603394
China,Boys,2017,12,153.4313377,152.6152718,154.2526998,0.417819044
China,Boys,2017,13,160.3224374,159.5229818,161.1246994,0.411668367
China,Boys,2017,14,166.5235509,165.7551934,167.3067381,0.404967402
China,Boys,2017,15,170.5917278,169.8349946,171.3582393,0.397701284
China,Boys,2017,16,172.7008089,171.9506055,173.4788489,0.394350352
China,Boys,2017,17,173.5355853,172.7798363,174.3218521,0.395418645
China,Boys,2017,18,173.9505104,173.1844271,174.7360792,0.398461878
China,Boys,2017,19,174.8211176,173.9579022,175.6899344,0.438598002
China,Boys,2018,5,113.3861923,111.6046613,115.1577154,0.916443409
China,Boys,2018,6,119.5898571,118.1236614,121.0700946,0.772399249
China,Boys,2018,7,125.4263254,124.1306775,126.7170157,0.663866177
China,Boys,2018,8,131.0051949,129.8755818,132.1395162,0.58237404
China,Boys,2018,9,136.4341691,135.4016278,137.4523509,0.525348594
China,Boys,2018,10,141.8281463,140.8754672,142.7777335,0.486954735
China,Boys,2018,11,147.3726235,146.469803,148.2796471,0.461251143
China,Boys,2018,12,153.5524483,152.6810459,154.4238248,0.446311758
China,Boys,2018,13,160.5072863,159.6621621,161.3731591,0.436759568
China,Boys,2018,14,166.7934455,165.95883,167.6427918,0.429685162
China,Boys,2018,15,170.9604434,170.1592012,171.7702202,0.42149826
China,Boys,2018,16,173.1673385,172.372961,173.9868302,0.416543157
China,Boys,2018,17,174.0315679,173.2323782,174.8523769,0.415583656
China,Boys,2018,18,174.4102974,173.6011071,175.2421186,0.417567791
China,Boys,2018,19,175.2010741,174.3049769,176.0896268,0.453329027
China,Boys,2019,5,113.4061054,111.3297739,115.491327,1.072528337
China,Boys,2019,6,119.6091569,117.8689198,121.3401448,0.912468764
China,Boys,2019,7,125.4463543,123.9212097,126.9384894,0.784975706
China,Boys,2019,8,131.02929,129.6903917,132.3515033,0.682729665
China,Boys,2019,9,136.4675617,135.2821558,137.6288734,0.602701926
China,Boys,2019,10,141.868873,140.8054048,142.9209401,0.544259372
China,Boys,2019,11,147.4242551,146.433286,148.4059534,0.504923422
China,Boys,2019,12,153.6237367,152.6857653,154.550187,0.481001941
China,Boys,2019,13,160.6283968,159.730904,161.5538893,0.465360413
China,Boys,2019,14,166.9782944,166.1122242,167.8865328,0.454851789
China,Boys,2019,15,171.2303379,170.3546173,172.1062742,0.446390387
China,Boys,2019,16,173.5360541,172.7007949,174.3867958,0.44006289
China,Boys,2019,17,174.4980975,173.6640503,175.3646395,0.43718349
China,Boys,2019,18,174.9062799,174.055698,175.7849873,0.437481778
China,Boys,2019,19,175.660861,174.726827,176.5681085,0.469601832
China,Girls,1985,5,104.9541316,104.1317466,105.7836206,0.418561817
China,Girls,1985,6,111.1668771,110.4382547,111.907749,0.372130335
China,Girls,1985,7,116.9340772,116.2314592,117.6377282,0.358753551
China,Girls,1985,8,122.5424184,121.8525326,123.2465895,0.356819916
China,Girls,1985,9,128.2643139,127.5733975,128.9723893,0.356473795
China,Girls,1985,10,134.343893,133.6593253,135.0524847,0.356849494
China,Girls,1985,11,140.7760609,140.0935012,141.4792463,0.35653799
China,Girls,1985,12,146.5327629,145.8391328,147.2414714,0.358783013
China,Girls,1985,13,150.6220108,149.9233199,151.3368061,0.360417191
China,Girls,1985,14,153.2248877,152.5196484,153.9367295,0.363440097
China,Girls,1985,15,154.7886304,154.0614147,155.5085321,0.369428265
China,Girls,1985,16,155.6651155,154.9273761,156.4005429,0.377339119
China,Girls,1985,17,156.1763632,155.4242707,156.9178959,0.381078795
China,Girls,1985,18,156.6464644,155.9092903,157.3918932,0.376224266
China,Girls,1985,19,157.3983728,156.6225498,158.1650518,0.394917437
China,Girls,1986,5,105.0960919,104.295976,105.907844,0.409070049
China,Girls,1986,6,111.2997316,110.594665,112.0210615,0.360923074
China,Girls,1986,7,117.0578298,116.3834403,117.7466303,0.346745454
China,Girls,1986,8,122.6457864,121.9742724,123.3237754,0.344162191
China,Girls,1986,9,128.3468987,127.6904764,129.0275379,0.342645389
China,Girls,1986,10,134.4200228,133.7613645,135.1011224,0.342810478
China,Girls,1986,11,140.8478143,140.187921,141.5275223,0.342719586
China,Girls,1986,12,146.5928411,145.9314183,147.2701617,0.345116398
China,Girls,1986,13,150.6643334,149.9958968,151.3505272,0.347802102
China,Girls,1986,14,153.2517801,152.5745672,153.9371335,0.35071874
China,Girls,1986,15,154.8060913,154.1084864,155.4947406,0.355918999
China,Girls,1986,16,155.6723344,154.9621449,156.3766094,0.362695217
China,Girls,1986,17,156.1768437,155.4596037,156.8763504,0.36240959
China,Girls,1986,18,156.6416394,155.9465114,157.3229492,0.350481851
China,Girls,1986,19,157.3908123,156.6936998,158.089705,0.360155623
China,Girls,1987,5,105.25015,104.4472642,106.0374282,0.399651558
China,Girls,1987,6,111.4416918,110.7636476,112.1386481,0.350377292
China,Girls,1987,7,117.1906843,116.5409355,117.857076,0.335274287
China,Girls,1987,8,122.769539,122.1157985,123.4222848,0.332213873
China,Girls,1987,9,128.4502667,127.8006605,129.1056584,0.330020508
China,Girls,1987,10,134.5026076,133.8665007,135.1517473,0.329044062
China,Girls,1987,11,140.9239441,140.2880087,141.5813286,0.328635143
China,Girls,1987,12,146.6645945,146.0209463,147.3174025,0.331357317
China,Girls,1987,13,150.7244116,150.0753536,151.3698599,0.334222358
China,Girls,1987,14,153.2941026,152.6379835,153.9564195,0.33805798
China,Girls,1987,15,154.8329837,154.1587919,155.5049447,0.343005858
China,Girls,1987,16,155.6897953,155.0028988,156.3713964,0.349312345
China,Girls,1987,17,156.1840625,155.4946615,156.8557629,0.348287247
China,Girls,1987,18,156.6421198,155.986026,157.2891258,0.332359994
China,Girls,1987,19,157.3859873,156.7294815,158.0406171,0.336537156
China,Girls,1988,5,105.4069437,104.6263348,106.1794001,0.390388903
China,Girls,1988,6,111.5957499,110.9275079,112.2695738,0.340031202
China,Girls,1988,7,117.3326446,116.7033253,117.9734436,0.324480091
China,Girls,1988,8,122.9023935,122.2709825,123.5324836,0.320836987
China,Girls,1988,9,128.5740193,127.9461053,129.2002015,0.318224973
China,Girls,1988,10,134.6059756,133.990094,135.2316486,0.31652275
China,Girls,1988,11,141.0065289,140.3930279,141.6322337,0.314856437
China,Girls,1988,12,146.7407243,146.1215865,147.3764139,0.317331128
China,Girls,1988,13,150.7961649,150.1733922,151.4176336,0.320537905
China,Girls,1988,14,153.3541809,152.7185933,153.9868511,0.324447879
China,Girls,1988,15,154.8753062,154.2221395,155.5176227,0.330154202
China,Girls,1988,16,155.7166876,155.0508468,156.3744657,0.336408347
China,Girls,1988,17,156.2015234,155.5346039,156.8527874,0.335369004
China,Girls,1988,18,156.6493387,156.0131233,157.2768601,0.319138543
China,Girls,1988,19,157.3864677,156.7554233,158.0136642,0.321328542
China,Girls,1989,5,105.5742627,104.8142409,106.3313999,0.381243533
China,Girls,1989,6,111.7525437,111.108409,112.408202,0.329575757
China,Girls,1989,7,117.4867027,116.8718159,118.0967681,0.31404449
China,Girls,1989,8,123.0443538,122.4346975,123.6598375,0.310134866
China,Girls,1989,9,128.7068738,128.0977395,129.3140395,0.307017395
China,Girls,1989,10,134.7297282,134.1341596,135.3286294,0.30495128
China,Girls,1989,11,141.1098969,140.5163209,141.7098303,0.302421677
China,Girls,1989,12,146.8233091,146.226435,147.4263658,0.303654606
China,Girls,1989,13,150.8722948,150.2760697,151.4788896,0.306580329
China,Girls,1989,14,153.4259342,152.8163794,154.0221305,0.310828615
China,Girls,1989,15,154.9353844,154.3096246,155.5413538,0.316442581
China,Girls,1989,16,155.7590102,155.1156357,156.3830855,0.323579484
China,Girls,1989,17,156.2284158,155.5763315,156.8570125,0.322873775
China,Girls,1989,18,156.6667996,156.0545217,157.2774048,0.307295753
China,Girls,1989,19,157.3936866,156.7703768,157.9996452,0.311304874
China,Girls,1990,5,105.7545964,105.0108773,106.4909148,0.37249744
China,Girls,1990,6,111.9198626,111.2776585,112.556548,0.319492795
China,Girls,1990,7,117.6434964,117.043267,118.2388171,0.303406182
China,Girls,1990,8,123.1984119,122.6158628,123.7874681,0.299941516
China,Girls,1990,9,128.8488341,128.2655906,129.4354604,0.296393751
China,Girls,1990,10,134.8625827,134.2849726,135.4483643,0.29403499
China,Girls,1990,11,141.2336495,140.6600075,141.8048246,0.291071245
China,Girls,1990,12,146.9266771,146.3537288,147.5002593,0.291435053
China,Girls,1990,13,150.9548796,150.3775266,151.5336429,0.293075041
China,Girls,1990,14,153.5020641,152.9208541,154.0784947,0.296928776
China,Girls,1990,15,155.0071378,154.4068987,155.5944179,0.302914485
China,Girls,1990,16,155.8190884,155.2067595,156.418845,0.310063182
China,Girls,1990,17,156.2707383,155.6519997,156.8715544,0.310504425
China,Girls,1990,18,156.6936919,156.1022472,157.2754902,0.295983357
China,Girls,1990,19,157.4111475,156.807357,158.0019679,0.303166154
China,Girls,1991,5,105.9531764,105.2235823,106.6695374,0.363913004
China,Girls,1991,6,112.1001964,111.4793094,112.7158545,0.310140922
China,Girls,1991,7,117.8108154,117.230842,118.3815148,0.293355592
China,Girls,1991,8,123.3552056,122.7785024,123.9145392,0.289562485
China,Girls,1991,9,129.0028922,128.4401385,129.5630197,0.286398015
China,Girls,1991,10,135.004543,134.4454913,135.5647461,0.283599784
China,Girls,1991,11,141.366504,140.8159608,141.9227383,0.280538645
China,Girls,1991,12,147.0504297,146.4926,147.6013494,0.280472086
China,Girls,1991,13,151.0582476,150.4980613,151.6091659,0.281107217
China,Girls,1991,14,153.5846489,153.0224647,154.1329521,0.283619724
China,Girls,1991,15,155.0832676,154.5063328,155.6370233,0.289108755
China,Girls,1991,16,155.8908418,155.2985229,156.4534473,0.296970236
China,Girls,1991,17,156.3308166,155.7383224,156.909454,0.297659684
China,Girls,1991,18,156.7360145,156.1645119,157.2985735,0.284930075
China,Girls,1991,19,157.4380398,156.8493594,158.0176814,0.295959643
China,Girls,1992,5,106.1699027,105.4615018,106.8758185,0.356598711
China,Girls,1992,6,112.2987764,111.7027881,112.8996825,0.300750131
China,Girls,1992,7,117.9911491,117.4334203,118.5502997,0.284201334
China,Girls,1992,8,123.5225246,122.9657402,124.0716837,0.279931815
China,Girls,1992,9,129.1596859,128.6068181,129.7030384,0.276242904
China,Girls,1992,10,135.1586011,134.6164548,135.6919272,0.273908986
China,Girls,1992,11,141.5084643,140.9820302,142.0462474,0.2704675
China,Girls,1992,12,147.1832842,146.6457722,147.7149861,0.270484506
China,Girls,1992,13,151.1820002,150.6427491,151.7073536,0.270623913
China,Girls,1992,14,153.6880169,153.1429196,154.2151325,0.271927894
China,Girls,1992,15,155.1658524,154.6116411,155.6985178,0.276029377
China,Girls,1992,16,155.9669716,155.4020738,156.5141291,0.283638276
China,Girls,1992,17,156.4025699,155.8306672,156.9509453,0.285448984
China,Girls,1992,18,156.7960927,156.2506408,157.3258702,0.273639459
China,Girls,1992,19,157.4803624,156.9111494,158.0509085,0.289307142
China,Girls,1993,5,106.4079949,105.7156773,107.094224,0.350087462
China,Girls,1993,6,112.5155027,111.9437359,113.0949172,0.292337714
China,Girls,1993,7,118.1897291,117.6538699,118.7387575,0.274824045
China,Girls,1993,8,123.7028584,123.169526,124.2249443,0.271250301
China,Girls,1993,9,129.3270049,128.7990928,129.8518279,0.266956315
China,Girls,1993,10,135.3153948,134.7964013,135.8300141,0.264098027
China,Girls,1993,11,141.6625224,141.15659,142.1742146,0.261279411
China,Girls,1993,12,147.3252445,146.8173943,147.8519815,0.260986875
China,Girls,1993,13,151.3148547,150.796078,151.8310418,0.261159584
China,Girls,1993,14,153.8117695,153.2848483,154.3246188,0.261964508
China,Girls,1993,15,155.2692204,154.7365111,155.7807332,0.264683659
China,Girls,1993,16,156.0495564,155.5048134,156.572464,0.271164113
China,Girls,1993,17,156.4786998,155.924761,157.010968,0.273066813
China,Girls,1993,18,156.8678461,156.3481965,157.3841357,0.263101005
China,Girls,1993,19,157.5404406,156.9754605,158.1031227,0.282754973
China,Girls,1994,5,106.6656771,105.9897785,107.3417318,0.344738359
China,Girls,1994,6,112.7535949,112.1923518,113.3121426,0.284913918
China,Girls,1994,7,118.4064554,117.887827,118.9328914,0.266301059
China,Girls,1994,8,123.9014384,123.390024,124.4135373,0.262309921
China,Girls,1994,9,129.5073387,128.9983529,130.0158012,0.258647737
China,Girls,1994,10,135.4827138,134.9842184,135.983772,0.255234174
China,Girls,1994,11,141.8193161,141.3218025,142.3122799,0.252045798
China,Girls,1994,12,147.4793026,146.9854956,147.9805574,0.252474049
China,Girls,1994,13,151.456815,150.9604421,151.9514219,0.252190491
China,Girls,1994,14,153.944624,153.4346459,154.4329585,0.253036312
China,Girls,1994,15,155.392973,154.8757983,155.8877576,0.255272082
China,Girls,1994,16,156.1529244,155.6244289,156.660691,0.260533879
China,Girls,1994,17,156.5612846,156.0342237,157.0726775,0.261671344
China,Girls,1994,18,156.9439759,156.4449541,157.4320486,0.252503387
China,Girls,1994,19,157.612194,157.0623694,158.1587131,0.276826668
China,Girls,1995,5,106.9448529,106.2750959,107.6084147,0.339761639
China,Girls,1995,6,113.0112771,112.4679712,113.5572094,0.278346239
China,Girls,1995,7,118.6445476,118.1341189,119.1522385,0.258941641
China,Girls,1995,8,124.1181646,123.6245991,124.6139471,0.254202321
China,Girls,1995,9,129.7059187,129.2086769,130.197171,0.250247622
China,Girls,1995,10,135.6630475,135.1755198,136.1413685,0.247330996
China,Girls,1995,11,141.9866351,141.5092828,142.4590364,0.243791462
China,Girls,1995,12,147.6360963,147.1576745,148.1159507,0.244061492
China,Girls,1995,13,151.6108731,151.1278731,152.0870896,0.244204337
China,Girls,1995,14,154.0865842,153.5972557,154.5602286,0.24458442
China,Girls,1995,15,155.5258275,155.0262507,156.003291,0.246999063
China,Girls,1995,16,156.276677,155.7676072,156.7679437,0.251978918
China,Girls,1995,17,156.6646526,156.1629722,157.1553785,0.252180471
China,Girls,1995,18,157.0265607,156.5360833,157.4934046,0.243038462
China,Girls,1995,19,157.6883238,157.1534812,158.2253459,0.271073486
China,Girls,1996,5,107.2495707,106.5990613,107.9087095,0.334848259
China,Girls,1996,6,113.2904529,112.7670791,113.8273383,0.271993662
China,Girls,1996,7,118.9022298,118.4124126,119.4019368,0.25226243
China,Girls,1996,8,124.3562568,123.8784903,124.8470616,0.24734075
China,Girls,1996,9,129.9226449,129.4511817,130.3999697,0.242622239
China,Girls,1996,10,135.8616275,135.3878578,136.3245803,0.239536175
China,Girls,1996,11,142.1669688,141.7025705,142.6277111,0.236400576
China,Girls,1996,12,147.8034153,147.3264177,148.2678982,0.236609944
China,Girls,1996,13,151.7676668,151.2972713,152.2256926,0.23653329
China,Girls,1996,14,154.2406423,153.766412,154.6991952,0.237010949
China,Girls,1996,15,155.6677878,155.1842833,156.1215016,0.239172316
China,Girls,1996,16,156.4095315,155.9155753,156.8819556,0.244719229
China,Girls,1996,17,156.7884052,156.298317,157.2571313,0.244867079
China,Girls,1996,18,157.1299287,156.6577503,157.5833259,0.235433188
China,Girls,1996,19,157.7709086,157.2397129,158.3006691,0.266439852
China,Girls,1997,5,107.5678522,106.9298172,108.2173324,0.329425719
China,Girls,1997,6,113.5951707,113.0875064,114.118986,0.266146143
China,Girls,1997,7,119.1814056,118.7026053,119.6663636,0.245802592
China,Girls,1997,8,124.6139391,124.136458,125.1010609,0.241118867
China,Girls,1997,9,130.1607371,129.7043731,130.6349501,0.236193473
China,Girls,1997,10,136.0783538,135.6266583,136.5304142,0.2324689
China,Girls,1997,11,142.3655489,141.9126401,142.8054344,0.229157688
China,Girls,1997,12,147.9837491,147.5250907,148.4252484,0.229888307
China,Girls,1997,13,151.9349858,151.4754074,152.3797032,0.229776181
China,Girls,1997,14,154.3974361,153.9377289,154.837402,0.229961941
China,Girls,1997,15,155.8218459,155.3552521,156.263398,0.232051937
China,Girls,1997,16,156.5514918,156.0821964,157.0076403,0.237854368
China,Girls,1997,17,156.9212597,156.4518205,157.3832152,0.239004447
China,Girls,1997,18,157.2536813,156.7943538,157.6950578,0.230088019
China,Girls,1997,19,157.8742766,157.358453,158.3968536,0.263101612
China,Girls,1998,5,107.8927671,107.2652848,108.5301952,0.32401107
China,Girls,1998,6,113.9134522,113.4189286,114.4184447,0.2599754
China,Girls,1998,7,119.4861234,119.0155616,119.9681851,0.240303554
China,Girls,1998,8,124.8931149,124.4281741,125.3649342,0.235209257
China,Girls,1998,9,130.4184194,129.9670961,130.8754979,0.230415555
China,Girls,1998,10,136.316446,135.8748463,136.7647132,0.226581394
China,Girls,1998,11,142.5822751,142.151318,143.0112394,0.222693924
China,Girls,1998,12,148.1823291,147.741038,148.6057961,0.223339887
China,Girls,1998,13,152.1153195,151.6685686,152.5420632,0.223657835
China,Girls,1998,14,154.564755,154.116929,154.99439,0.223807973
China,Girls,1998,15,155.9786396,155.5289866,156.412251,0.225570432
China,Girls,1998,16,156.7055499,156.2487853,157.1477369,0.231547188
China,Girls,1998,17,157.0632199,156.6022746,157.5101479,0.233440013
China,Girls,1998,18,157.3865358,156.9391659,157.8239423,0.226286394
China,Girls,1998,19,157.9980292,157.4910626,158.5127837,0.261601638
China,Girls,1999,5,108.2199477,107.6035277,108.846183,0.319210215
China,Girls,1999,6,114.2383671,113.7455581,114.7360551,0.25428463
China,Girls,1999,7,119.8044049,119.3422626,120.2709756,0.234728145
China,Girls,1999,8,125.1978326,124.7439734,125.6569886,0.230658443
China,Girls,1999,9,130.6975952,130.2542928,131.1472161,0.22501636
China,Girls,1999,10,136.5741282,136.1434456,137.0112679,0.221470449
China,Girls,1999,11,142.8203673,142.3943024,143.2427671,0.217606465
China,Girls,1999,12,148.3990553,147.9674678,148.8180393,0.217674242
China,Girls,1999,13,152.3138995,151.8812294,152.7299643,0.217903476
China,Girls,1999,14,154.7450888,154.3056147,155.1650695,0.218283613
China,Girls,1999,15,156.1459586,155.7078677,156.5662054,0.220050008
China,Girls,1999,16,156.8623436,156.4207335,157.2983786,0.225875516
China,Girls,1999,17,157.217278,156.7622341,157.6597731,0.228416641
China,Girls,1999,18,157.5284961,157.0856204,157.9570915,0.222602939
China,Girls,1999,19,158.1308837,157.62119,158.6417947,0.261243037
China,Girls,2000,5,108.5439998,107.9309413,109.168091,0.314379978
China,Girls,2000,6,114.5655477,114.0836887,115.0478308,0.249543708
China,Girls,2000,7,120.1293198,119.6778144,120.5826645,0.230093004
China,Girls,2000,8,125.5161142,125.0664062,125.9629827,0.226347011
China,Girls,2000,9,131.0023129,130.5703199,131.442542,0.221324812
China,Girls,2000,10,136.853304,136.434444,137.2792934,0.216852104
China,Girls,2000,11,143.0780496,142.6616659,143.4957422,0.213615072
China,Girls,2000,12,148.6371475,148.2150574,149.0504931,0.213621463
China,Girls,2000,13,152.5306258,152.1054635,152.9358399,0.213121483
China,Girls,2000,14,154.9436688,154.5197808,155.3520582,0.213394674
China,Girls,2000,15,156.3262924,155.8998898,156.74308,0.215253658
China,Girls,2000,16,157.0296626,156.5802778,157.4590983,0.221311707
China,Girls,2000,17,157.3740718,156.9250331,157.8118419,0.223914384
China,Girls,2000,18,157.6825542,157.2450158,158.1122618,0.219685054
China,Girls,2000,19,158.272844,157.7628184,158.7803567,0.260693929
China,Girls,2001,5,108.8669404,108.2674623,109.485891,0.310443284
China,Girls,2001,6,114.8895998,114.4170307,115.3593821,0.244997485
China,Girls,2001,7,120.4565004,120.0121498,120.8960145,0.226567503
China,Girls,2001,8,125.841029,125.3974699,126.2870698,0.223279066
China,Girls,2001,9,131.3205945,130.8895646,131.75647,0.218292768
China,Girls,2001,10,137.1580218,136.7442084,137.5770643,0.214183566
China,Girls,2001,11,143.3572254,142.9496769,143.7669943,0.210357515
China,Girls,2001,12,148.8948298,148.4772056,149.3021082,0.211057029
China,Girls,2001,13,152.768718,152.352927,153.1737583,0.210062015
China,Girls,2001,14,155.160395,154.7489196,155.5597803,0.209522204
China,Girls,2001,15,156.5248724,156.1060153,156.9295521,0.211302838
China,Girls,2001,16,157.2099963,156.7691803,157.6344462,0.217648174
China,Girls,2001,17,157.5413907,157.099052,157.9777328,0.220752622
China,Girls,2001,18,157.8393479,157.4072369,158.27435,0.217045983
China,Girls,2001,19,158.4269021,157.9144131,158.9360484,0.261213523
China,Girls,2002,5,109.1960762,108.606747,109.8015732,0.307242356
China,Girls,2002,6,115.2125404,114.7463205,115.678498,0.241981487
China,Girls,2002,7,120.7805525,120.3448069,121.2129082,0.223220712
China,Girls,2002,8,126.1682096,125.7317852,126.601893,0.221373812
China,Girls,2002,9,131.6455093,131.2144829,132.0715199,0.216651787
China,Girls,2002,10,137.4763033,137.0611961,137.8969627,0.212565733
China,Girls,2002,11,143.6619431,143.2543643,144.0701632,0.209136169
China,Girls,2002,12,149.1740056,148.7689647,149.5803988,0.209447977
China,Girls,2002,13,153.0264002,152.6133884,153.4266086,0.208827265
China,Girls,2002,14,155.3984873,154.9862365,155.7936834,0.207463963
China,Girls,2002,15,156.7415986,156.330119,157.1395823,0.208352784
China,Girls,2002,16,157.4085763,156.984019,157.8254213,0.214945836
China,Girls,2002,17,157.7217245,157.2840241,158.159675,0.218733426
China,Girls,2002,18,158.0066669,157.5736017,158.4370336,0.216062323
China,Girls,2002,19,158.5836958,158.0721653,159.0868337,0.261591262
China,Girls,2003,5,109.5401473,108.9539628,110.1395077,0.3058693
China,Girls,2003,6,115.5416762,115.0781434,116.0065985,0.240154109
China,Girls,2003,7,121.1034931,120.664872,121.5288428,0.221881202
China,Girls,2003,8,126.4922618,126.0597905,126.9089804,0.219588294
China,Girls,2003,9,131.9726899,131.5495634,132.3936599,0.216268043
China,Girls,2003,10,137.8012182,137.3858468,138.2171044,0.212353414
China,Girls,2003,11,143.9802246,143.5719312,144.3856277,0.209173886
China,Girls,2003,12,149.4787233,149.0601997,149.8828026,0.209815718
China,Girls,2003,13,153.305576,152.9031463,153.7121471,0.20863267
China,Girls,2003,14,155.6561695,155.2433633,156.0428856,0.207399312
China,Girls,2003,15,156.9796908,156.5718921,157.3781706,0.207423655
China,Girls,2003,16,157.6253026,157.2103557,158.0283911,0.213183987
China,Girls,2003,17,157.9203045,157.4942084,158.3455776,0.217727092
China,Girls,2003,18,158.1870006,157.7564424,158.6146262,0.216501631
China,Girls,2003,19,158.7510148,158.2310174,159.2555176,0.263548772
China,Girls,2004,5,109.9045671,109.3071323,110.4944026,0.306572547
China,Girls,2004,6,115.8857472,115.4214225,116.3586047,0.240478135
China,Girls,2004,7,121.4326289,120.9947086,121.8654563,0.221906047
China,Girls,2004,8,126.8152024,126.377441,127.2386409,0.220016727
China,Girls,2004,9,132.2967421,131.8730458,132.7180832,0.216126943
China,Girls,2004,10,138.1283988,137.7053395,138.5507216,0.213490864
China,Girls,2004,11,144.3051395,143.887615,144.7148952,0.210542172
China,Girls,2004,12,149.7970048,149.3725864,150.2082567,0.211543848
China,Girls,2004,13,153.6102938,153.1893301,154.0094494,0.210337957
China,Girls,2004,14,155.9353453,155.5262317,156.3362221,0.208407551
China,Girls,2004,15,157.2373731,156.8246149,157.6385039,0.208408495
China,Girls,2004,16,157.8633948,157.4465248,158.2725201,0.213661595
China,Girls,2004,17,158.1370307,157.706939,158.5534276,0.217613154
China,Girls,2004,18,158.3855807,157.9581347,158.8057994,0.21794404
China,Girls,2004,19,158.9313486,158.4129107,159.4424363,0.266829185
China,Girls,2005,5,110.2873908,109.6846013,110.8749081,0.308974502
China,Girls,2005,6,116.2501671,115.7763616,116.726096,0.24274858
China,Girls,2005,7,121.7767,121.3401626,122.2209117,0.224223699
China,Girls,2005,8,127.1443382,126.7120179,127.5754818,0.221803008
China,Girls,2005,9,132.6196827,132.1906717,133.045318,0.218234576
China,Girls,2005,10,138.4524509,138.0281511,138.8744486,0.215038602
China,Girls,2005,11,144.6323201,144.2097977,145.0527186,0.213289355
China,Girls,2005,12,150.1219197,149.6895966,150.5459555,0.214471174
China,Girls,2005,13,153.9285753,153.5050906,154.3471154,0.213572966
China,Girls,2005,14,156.2400631,155.8187734,156.6461835,0.211192192
China,Girls,2005,15,157.5165489,157.1067388,157.9237526,0.210534284
China,Girls,2005,16,158.121077,157.7012088,158.5403184,0.215782742
China,Girls,2005,17,158.375123,157.9403116,158.7990717,0.219904773
China,Girls,2005,18,158.6023069,158.1684056,159.0281899,0.220255998
China,Girls,2005,19,159.1299286,158.6038625,159.6475321,0.2708301
China,Girls,2006,5,110.6881668,110.0758672,111.2852469,0.313563663
China,Girls,2006,6,116.6329908,116.1460383,117.1177961,0.246670903
China,Girls,2006,7,122.1411198,121.6869979,122.5852231,0.228438581
China,Girls,2006,8,127.4884092,127.0528088,127.9249677,0.225897807
China,Girls,2006,9,132.9488185,132.5203989,133.3828269,0.221720012
China,Girls,2006,10,138.7753915,138.343819,139.2080691,0.218762837
China,Girls,2006,11,144.9563722,144.5306755,145.3806466,0.21647211
China,Girls,2006,12,150.4491003,150.0119942,150.8919104,0.218745982
China,Girls,2006,13,154.2534902,153.8195035,154.6772144,0.217922801
China,Girls,2006,14,156.5583446,156.1300575,156.9801917,0.215676465
China,Girls,2006,15,157.8212666,157.4012222,158.2325571,0.214212229
China,Girls,2006,16,158.4002528,157.9751788,158.8355808,0.219049123
China,Girls,2006,17,158.6328052,158.1942454,159.0722364,0.2235564
China,Girls,2006,18,158.8403991,158.3961818,159.2781749,0.2249734
China,Girls,2006,19,159.3466548,158.8147354,159.8778599,0.27553541
China,Girls,2007,5,111.0948978,110.4741122,111.7009728,0.318397366
China,Girls,2007,6,117.0337668,116.5273376,117.5288277,0.252868802
China,Girls,2007,7,122.5239435,122.0494833,122.9877139,0.234142567
China,Girls,2007,8,127.8528291,127.3962056,128.3030323,0.231832415
China,Girls,2007,9,133.2928895,132.8470493,133.7335998,0.227499608
China,Girls,2007,10,139.1045273,138.6624293,139.5491396,0.223919051
China,Girls,2007,11,145.2793129,144.8481563,145.7183392,0.221750132
China,Girls,2007,12,150.7731524,150.3358752,151.2127007,0.22338255
China,Girls,2007,13,154.5806708,154.1328993,155.0163635,0.223608825
China,Girls,2007,14,156.8832594,156.4423346,157.3134676,0.221293367
China,Girls,2007,15,158.1395482,157.7076453,158.5650535,0.219650689
China,Girls,2007,16,158.7049706,158.2677179,159.1392633,0.223549228
China,Girls,2007,17,158.911981,158.4662092,159.3626271,0.228207929
China,Girls,2007,18,159.0980814,158.637614,159.5501108,0.230846045
China,Girls,2007,19,159.584747,159.0437543,160.1195342,0.281970015
China,Girls,2008,5,111.4893545,110.8689066,112.1130938,0.323702701
China,Girls,2008,6,117.4404978,116.9259196,117.9437296,0.259354031
China,Girls,2008,7,122.9247195,122.449156,123.3966405,0.241855084
China,Girls,2008,8,128.2356528,127.7644965,128.7027364,0.239119543
China,Girls,2008,9,133.6573094,133.1923564,134.1116874,0.234913806
China,Girls,2008,10,139.4485984,138.9865696,139.8995607,0.231333508
China,Girls,2008,11,145.6084486,145.1612094,146.0547432,0.228535525
China,Girls,2008,12,151.0960931,150.648819,151.5410009,0.230015962
China,Girls,2008,13,154.9047229,154.4553205,155.3527982,0.229592648
China,Girls,2008,14,157.2104401,156.7614092,157.6530863,0.228248796
China,Girls,2008,15,158.464463,158.0160538,158.8988224,0.22636054
China,Girls,2008,16,159.0232521,158.5652773,159.4656966,0.229731087
China,Girls,2008,17,159.2166988,158.7574511,159.6813079,0.233761412
China,Girls,2008,18,159.3772572,158.9036362,159.8493091,0.237311233
China,Girls,2008,19,159.8424293,159.2803547,160.3952703,0.289365777
China,Girls,2009,5,111.8651529,111.2333212,112.5095038,0.330991365
China,Girls,2009,6,117.8349545,117.3112657,118.3553732,0.266870364
China,Girls,2009,7,123.3314505,122.8476115,123.8190481,0.249937305
China,Girls,2009,8,128.6364287,128.1459827,129.1229445,0.248257494
China,Girls,2009,9,134.0401331,133.5604672,134.5144936,0.243610816
China,Girls,2009,10,139.8130182,139.3347078,140.2813753,0.240153746
China,Girls,2009,11,145.9525197,145.4806712,146.4192261,0.237559518
China,Girls,2009,12,151.4252288,150.9590647,151.8842734,0.238198506
China,Girls,2009,13,155.2276635,154.7638159,155.6890621,0.237514109
China,Girls,2009,14,157.5344922,157.0720027,157.9924247,0.235496006
China,Girls,2009,15,158.7916436,158.3269065,159.2455855,0.234403103
China,Girls,2009,16,159.348167,158.8842583,159.8043661,0.237338709
China,Girls,2009,17,159.5349803,159.0562135,160.0068461,0.240840129
China,Girls,2009,18,159.6819749,159.1930085,160.1621974,0.244353606
China,Girls,2009,19,160.1216051,159.5412979,160.692248,0.296684689
China,Girls,2010,5,112.2245888,111.5716956,112.8910512,0.341603162
China,Girls,2010,6,118.2107528,117.6662794,118.7501222,0.277017217
China,Girls,2010,7,123.7259072,123.2244168,124.2275211,0.259356249
China,Girls,2010,8,129.0431597,128.5409439,129.544038,0.257883861
China,Girls,2010,9,134.440909,133.9483145,134.9361219,0.254330832
China,Girls,2010,10,140.1958419,139.7103232,140.6790615,0.250251024
China,Girls,2010,11,146.3169395,145.8198509,146.796673,0.24790306
China,Girls,2010,12,151.7692999,151.2711415,152.2623492,0.248565373
China,Girls,2010,13,155.5567993,155.0781986,156.0320539,0.246995747
China,Girls,2010,14,157.8574328,157.3811603,158.332985,0.244697438
China,Girls,2010,15,159.1156957,158.6354638,159.5913344,0.242811981
China,Girls,2010,16,159.6753476,159.1945788,160.1575834,0.246239895
China,Girls,2010,17,159.8598951,159.3664592,160.3457817,0.249427271
China,Girls,2010,18,160.0002564,159.4938813,160.4908275,0.252701925
China,Girls,2010,19,160.4263228,159.8274795,161.0227719,0.304305087
China,Girls,2011,5,112.566058,111.8779405,113.2541398,0.355798543
China,Girls,2011,6,118.5701888,118.0073286,119.1345857,0.291217736
China,Girls,2011,7,124.1017056,123.5864003,124.6356828,0.2716953
China,Girls,2011,8,129.4376164,128.9177871,129.9680302,0.268884139
China,Girls,2011,9,134.84764,134.3307911,135.3695555,0.265652982
China,Girls,2011,10,140.5966179,140.0898799,141.114284,0.262555332
China,Girls,2011,11,146.6997633,146.187952,147.2051627,0.259576901
China,Girls,2011,12,152.1337197,151.6095204,152.6412613,0.260201714
China,Girls,2011,13,155.9008704,155.3884195,156.4052445,0.258574686
China,Girls,2011,14,158.1865686,157.6841676,158.6826168,0.255464568
China,Girls,2011,15,159.4386364,158.9365868,159.9351749,0.253264376
China,Girls,2011,16,159.9993997,159.4900804,160.5009413,0.255631624
China,Girls,2011,17,160.1870758,159.6738515,160.6930312,0.259242655
China,Girls,2011,18,160.3251713,159.7968256,160.8324165,0.262478117
China,Girls,2011,19,160.7446043,160.1336504,161.3555307,0.312876006
China,Girls,2012,5,112.8869605,112.1541927,113.622567,0.375577087
China,Girls,2012,6,118.911658,118.3120259,119.5143403,0.309439139
China,Girls,2012,7,124.4611415,123.9195158,125.0201591,0.288094686
China,Girls,2012,8,129.8134148,129.2717581,130.3711633,0.282876285
China,Girls,2012,9,135.2420967,134.7088382,135.7991838,0.278218556
China,Girls,2012,10,141.0033489,140.4682184,141.5348962,0.275470255
China,Girls,2012,11,147.1005392,146.5576554,147.6336399,0.273382915
China,Girls,2012,12,152.5165435,151.972522,153.0393794,0.273202087
China,Girls,2012,13,156.2652902,155.7230831,156.7860263,0.271306532
China,Girls,2012,14,158.5306396,157.9891561,159.0452673,0.268190259
China,Girls,2012,15,159.7677722,159.2438745,160.2810068,0.26529843
China,Girls,2012,16,160.3223403,159.7892618,160.849862,0.26706424
China,Girls,2012,17,160.5111279,159.9818356,161.0413039,0.269670941
China,Girls,2012,18,160.6523519,160.108814,161.18278,0.273377957
China,Girls,2012,19,161.0695192,160.4474625,161.70172,0.322487066
China,Girls,2013,5,113.1929679,112.415679,113.9811449,0.40120908
China,Girls,2013,6,119.2325605,118.5851591,119.8765352,0.333367247
China,Girls,2013,7,124.8026107,124.2108872,125.4080528,0.308480503
China,Girls,2013,8,130.1728507,129.5843595,130.768195,0.300722785
China,Girls,2013,9,135.6178951,135.0537422,136.1998859,0.293773222
China,Girls,2013,10,141.3978056,140.8442253,141.9653587,0.289444226
China,Girls,2013,11,147.5072702,146.9456482,148.067417,0.287651096
China,Girls,2013,12,152.9173194,152.3474722,153.4762492,0.288155878
China,Girls,2013,13,156.6481139,156.0797941,157.1992295,0.28536032
China,Girls,2013,14,158.8950595,158.3363774,159.4318484,0.281921923
China,Girls,2013,15,160.1118432,159.5562977,160.656143,0.279091828
China,Girls,2013,16,160.6514761,160.1084585,161.196263,0.280060517
China,Girls,2013,17,160.8340685,160.2890306,161.3884923,0.281915431
China,Girls,2013,18,160.976404,160.4123896,161.534507,0.28497022
China,Girls,2013,19,161.3966998,160.7476853,162.0526606,0.333040717
China,Girls,2014,5,113.4898567,112.6320554,114.3580991,0.435140243
China,Girls,2014,6,119.5385679,118.8381388,120.2526046,0.36357211
China,Girls,2014,7,125.1235132,124.48193,125.7885946,0.334336504
China,Girls,2014,8,130.51432,129.8971469,131.1557109,0.322334384
China,Girls,2014,9,135.977331,135.3729076,136.5987855,0.313091446
China,Girls,2014,10,141.773604,141.1880121,142.3750498,0.306352264
China,Girls,2014,11,147.9017269,147.3246534,148.4964221,0.302836902
China,Girls,2014,12,153.3240504,152.7296023,153.9138598,0.303421319
China,Girls,2014,13,157.0488899,156.4592296,157.6344669,0.301274876
China,Girls,2014,14,159.2778832,158.6927948,159.8500539,0.296852212
China,Girls,2014,15,160.4762631,159.8987228,161.0398648,0.29376676
China,Girls,2014,16,160.9955472,160.4231415,161.5705849,0.294573801
China,Girls,2014,17,161.1632043,160.5919441,161.7432353,0.295639161
China,Girls,2014,18,161.2993447,160.7208015,161.878569,0.297810671
China,Girls,2014,19,161.7207519,161.0483005,162.3994446,0.344315471
China,Girls,2015,5,113.7812611,112.8422561,114.7274308,0.478407623
China,Girls,2015,6,119.8354567,119.0649282,120.6379499,0.402334934
China,Girls,2015,7,125.4295206,124.724929,126.1580613,0.366356133
China,Girls,2015,8,130.8352225,130.1629355,131.5297297,0.349158023
China,Girls,2015,9,136.3188003,135.6745031,136.9987848,0.335873586
China,Girls,2015,10,142.1330399,141.5093052,142.7843483,0.326993031
China,Girls,2015,11,148.2775253,147.6608563,148.9035207,0.320875653
China,Girls,2015,12,153.7185071,153.0972991,154.3477117,0.319486279
China,Girls,2015,13,157.4556209,156.8368095,158.0738322,0.317445194
China,Girls,2015,14,159.6786592,159.0646188,160.2898685,0.313562522
China,Girls,2015,15,160.8590868,160.2575233,161.4550143,0.30945673
China,Girls,2015,16,161.359967,160.7632475,161.9660524,0.309867761
China,Girls,2015,17,161.5072753,160.9077719,162.11499,0.310626386
China,Girls,2015,18,161.6284804,161.021272,162.2346188,0.311943647
China,Girls,2015,19,162.0436926,161.3429228,162.7422171,0.355921895
China,Girls,2016,5,114.0678063,113.018288,115.1193047,0.532077521
China,Girls,2016,6,120.1268611,119.2526224,121.0243179,0.450146682
China,Girls,2016,7,125.7264094,124.9271231,126.5415119,0.406759726
China,Girls,2016,8,131.1412299,130.4033788,131.9005092,0.381880441
China,Girls,2016,9,136.6397028,135.9399194,137.3764727,0.363626233
China,Girls,2016,10,142.4745091,141.7967473,143.1806386,0.350758823
China,Girls,2016,11,148.6369612,147.9780429,149.3228753,0.342602411
China,Girls,2016,12,154.0943055,153.4421727,154.770173,0.338270842
China,Girls,2016,13,157.8500776,157.2039543,158.5071233,0.334269641
China,Girls,2016,14,160.0853901,159.4478525,160.7321722,0.330487963
China,Girls,2016,15,161.2598627,160.6323997,161.8907383,0.326768883
China,Girls,2016,16,161.7427907,161.1095631,162.3748305,0.326006374
China,Girls,2016,17,161.8716952,161.2360454,162.5150166,0.326288974
China,Girls,2016,18,161.9725515,161.3356338,162.6113738,0.327088524
China,Girls,2016,19,162.3728283,161.6528846,163.0897699,0.368504648
China,Girls,2017,5,114.3512485,113.1802891,115.5417575,0.595701988
China,Girls,2017,6,120.4134063,119.4194329,121.4273673,0.508177012
China,Girls,2017,7,126.0178138,125.1307404,126.9348907,0.455794241
China,Girls,2017,8,131.4381186,130.6110662,132.2880739,0.422677128
China,Girls,2017,9,136.9457102,136.174145,137.7441618,0.397000626
China,Girls,2017,10,142.7954116,142.0546925,143.572806,0.379257363
China,Girls,2017,11,148.9784305,148.2739241,149.7083386,0.367137512
China,Girls,2017,12,154.4537414,153.7601469,155.1766784,0.360627958
China,Girls,2017,13,158.225876,157.5456723,158.9272178,0.353616592
China,Girls,2017,14,160.4798469,159.8062011,161.1656973,0.347905605
China,Girls,2017,15,161.6665937,161.003144,162.3394186,0.344190878
China,Girls,2017,16,162.1435667,161.4894739,162.8043085,0.34355003
China,Girls,2017,17,162.2545189,161.5863822,162.9235479,0.342696127
China,Girls,2017,18,162.3369713,161.6581227,163.0052437,0.342777959
China,Girls,2017,19,162.7168994,161.9482362,163.4476546,0.381891128
China,Girls,2018,5,114.6335854,113.3181438,115.9632947,0.668772661
China,Girls,2018,6,120.6968485,119.5789847,121.8425773,0.575535526
China,Girls,2018,7,126.304359,125.3105978,127.3299731,0.514835832
China,Girls,2018,8,131.7295231,130.8237573,132.6731,0.47174482
China,Girls,2018,9,137.2425989,136.3854132,138.1213056,0.438065331
China,Girls,2018,10,143.101419,142.3032942,143.9346934,0.413076183
China,Girls,2018,11,149.2993329,148.5327471,150.1016122,0.396186126
China,Girls,2018,12,154.7952107,154.0516267,155.5652014,0.385557078
China,Girls,2018,13,158.5853119,157.863693,159.3302628,0.376337174
China,Girls,2018,14,160.8556452,160.145891,161.5815464,0.367584159
China,Girls,2018,15,162.0610504,161.3686479,162.7667852,0.361952779
China,Girls,2018,16,162.5502977,161.8566646,163.2479303,0.361060846
China,Girls,2018,17,162.6552949,161.9604186,163.3573472,0.360263528
China,Girls,2018,18,162.7197951,162.010271,163.4223861,0.359229041
China,Girls,2018,19,163.0813192,162.2794432,163.8422823,0.395722432
China,Girls,2019,5,114.9149784,113.4558075,116.3859398,0.74928801
China,Girls,2019,6,120.9791854,119.7077024,122.2701011,0.652035383
China,Girls,2019,7,126.5878012,125.4588881,127.7520699,0.582895882
China,Girls,2019,8,132.0160682,130.9951492,133.0695925,0.530616752
China,Girls,2019,9,137.5340034,136.5880638,138.5010143,0.487077715
China,Girls,2019,10,143.3983078,142.5165731,144.3071921,0.454186114
China,Girls,2019,11,149.6053404,148.7729501,150.4806543,0.430222369
China,Girls,2019,12,155.1161131,154.3158533,155.9471858,0.414810179
China,Girls,2019,13,158.9267811,158.1552649,159.7222161,0.401494603
China,Girls,2019,14,161.2150812,160.4725191,161.9853945,0.390387261
China,Girls,2019,15,162.4368488,161.7024069,163.1825188,0.381669702
China,Girls,2019,16,162.9447544,162.2212885,163.6726391,0.378799983
China,Girls,2019,17,163.0620259,162.3341759,163.7847345,0.377629331
China,Girls,2019,18,163.120571,162.3825092,163.8641874,0.376591184
China,Girls,2019,19,163.464143,162.641039,164.2541904,0.410509981